{"stat.walkOneCm":16217,"achievement.openInventory":9,"stat.breakItem.tmm.water_breathing_wand":1,"stat.breakItem.tmm.jump_boost_wand":1,"stat.useItem.minecraft.egg":2,"stat.leaveGame":1,"stat.damageTaken":560,"stat.breakItem.tmm.speed_wand":1,"stat.flyOneCm":16443,"stat.deaths":1,"stat.drop":2,"stat.jump":170,"stat.swimOneCm":1764,"stat.pickup.minecraft.egg":2,"stat.mineBlock.minecraft.leaves":6,"stat.playOneMinute":14378,"stat.fallOneCm":14338,"stat.sneakTime":13,"stat.damageDealt":10,"stat.drop.minecraft.sapling":2,"stat.crouchOneCm":1,"stat.timeSinceDeath":1347,"stat.breakItem.tmm.saturation_wand":1,"stat.pickup.minecraft.sapling":2,"stat.sprintOneCm":11505,"achievement.exploreAllBiomes":{"value":0,"progress":["Beach","Forest","River","Deep Ocean"]},"stat.diveOneCm":22212}